"region";"Elever per kommunal skole (antall) 2015";"Elever per kommunal skole (antall) 2016";"Elever per kommunal skole (antall) 2017";"Elever per kommunal skole (antall) 2018";"Elever per kommunal skole (antall) 2019";"Elever per kommunal skole (antall) 2020"
"3001 Halden";.;.;.;.;.;318.2
"3002 Moss";.;.;.;.;.;309.5
"3003 Sarpsborg";.;.;.;.;.;330.9
"3004 Fredrikstad";.;.;.;.;.;303.2
"3005 Drammen";.;.;.;.;.;368.3
"3006 Kongsberg";.;.;.;.;.;247.9
"3007 Ringerike";.;.;.;.;.;265.1
"3011 Hvaler";.;.;.;.;.;150.0
"3012 Aremark";.;.;.;.;.;136.0
"3013 Marker";.;.;.;.;.;352.0
"3014 Indre Østfold";.;.;.;.;.;228.7
"3015 Skiptvet";.;.;.;.;.;252.0
"3016 Rakkestad";.;.;.;.;.;232.5
"3017 Råde";.;.;.;.;.;286.0
"3018 Våler (Østfold)";.;.;.;.;.;257.7
"3019 Vestby";.;.;.;.;.;352.7
"3020 Nordre Follo";.;.;.;.;.;355.5
"3021 Ås";.;.;.;.;.;249.3
"3022 Frogn";.;.;.;.;.;290.5
"3023 Nesodden";.;.;.;.;.;266.1
"3024 Bærum";.;.;.;.;.;365.7
"3025 Asker";.;.;.;.;.;292.0
"3026 Aurskog-Høland";.;.;.;.;.;293.6
"3027 Rælingen";.;.;.;.;.;309.5
"3028 Enebakk";.;.;.;.;.;310.6
"3029 Lørenskog";.;.;.;.;.;410.4
"3030 Lillestrøm";.;.;.;.;.;376.9
"3031 Nittedal";.;.;.;.;.;343.9
"3032 Gjerdrum";.;.;.;.;.;303.0
"3033 Ullensaker";.;.;.;.;.;354.1
"3034 Nes";.;.;.;.;.;265.3
"3035 Eidsvoll";.;.;.;.;.;320.7
"3036 Nannestad";.;.;.;.;.;372.2
"3037 Hurdal";.;.;.;.;.;295.0
"3038 Hole";.;.;.;.;.;218.0
"3039 Flå";.;.;.;.;.;110.0
"3040 Nesbyen";.;.;.;.;.;155.5
"3041 Gol";.;.;.;.;.;501.0
"3042 Hemsedal";.;.;.;.;.;101.3
"3043 Ål";.;.;.;.;.;110.0
"3044 Hol";.;.;.;.;.;132.7
"3045 Sigdal";.;.;.;.;.;97.5
"3046 Krødsherad";.;.;.;.;.;138.0
"3047 Modum";.;.;.;.;.;226.4
"3048 Øvre Eiker";.;.;.;.;.;286.4
"3049 Lier";.;.;.;.;.;288.2
"3050 Flesberg";.;.;.;.;.;318.0
"3051 Rollag";.;.;.;.;.;122.0
"3052 Nore og Uvdal";.;.;.;.;.;117.0
"3053 Jevnaker";.;.;.;.;.;253.0
"3054 Lunner";.;.;.;.;.;275.3
"0101 Halden (-2019)";297.1;298.5;296.3;321.7;323.3;.
"0104 Moss (-2019)";313.3;317.6;320.5;316.9;317.7;.
"0105 Sarpsborg (-2019)";329.3;331.1;329.3;329.0;329.7;.
"0106 Fredrikstad (-2019)";305.1;306.8;310.0;308.4;304.6;.
"0111 Hvaler (-2019)";155.3;158.7;150.3;153.0;152.3;.
"0118 Aremark (-2019)";175.0;182.0;175.0;156.0;148.0;.
"0119 Marker (-2019)";384.0;375.0;376.0;364.0;355.0;.
"0121 Rømskog (-2019)";45.0;42.0;53.0;57.0;55.0;.
"0122 Trøgstad (-2019)";156.3;156.8;152.8;154.8;158.3;.
"0123 Spydeberg (-2019)";231.3;227.7;229.7;238.0;246.3;.
"0124 Askim (-2019)";306.0;306.5;317.3;328.0;322.7;.
"0125 Eidsberg (-2019)";202.6;198.6;188.9;192.4;187.4;.
"0127 Skiptvet (-2019)";254.5;251.5;259.0;243.5;247.5;.
"0128 Rakkestad (-2019)";247.0;249.0;244.3;247.0;239.0;.
"0135 Råde (-2019)";284.7;280.3;286.7;298.0;286.3;.
"0136 Rygge (-2019)";360.6;303.8;305.7;300.8;299.7;.
"0137 Våler (Østfold) (-2019)";225.3;222.3;231.0;233.7;249.3;.
"0138 Hobøl (-2019)";206.3;197.3;201.3;205.0;209.7;.
"0211 Vestby (-2019)";277.5;286.4;293.8;300.4;344.7;.
"0213 Ski (-2019)";362.8;368.8;372.3;371.3;370.0;.
"0214 Ås (-2019)";258.0;259.2;266.4;240.7;245.9;.
"0215 Frogn (-2019)";307.8;312.3;307.0;305.5;300.3;.
"0216 Nesodden (-2019)";256.3;254.9;237.8;237.2;240.0;.
"0217 Oppegård (-2019)";372.5;371.6;340.6;340.8;336.2;.
"0219 Bærum (-2019)";361.8;366.8;367.8;367.8;367.4;.
"0220 Asker (-2019)";300.0;303.5;307.5;300.3;298.4;.
"0221 Aurskog-Høland (-2019)";315.7;320.3;325.3;332.3;330.7;.
"0226 Sørum (-2019)";270.1;310.6;321.1;328.1;320.8;.
"0227 Fet (-2019)";289.4;299.2;306.2;308.4;313.8;.
"0228 Rælingen (-2019)";270.4;284.1;294.0;299.9;299.5;.
"0229 Enebakk (-2019)";245.3;245.2;252.2;257.2;312.4;.
"0230 Lørenskog (-2019)";410.7;421.0;396.3;399.7;404.8;.
"0231 Skedsmo (-2019)";412.9;417.9;421.6;422.8;422.5;.
"0233 Nittedal (-2019)";326.0;332.3;336.9;346.2;344.9;.
"0234 Gjerdrum (-2019)";303.3;302.3;300.7;308.0;300.3;.
"0235 Ullensaker (-2019)";310.9;319.6;326.9;336.9;347.5;.
"0236 Nes (Akershus) (-2019)";241.6;246.0;250.1;253.7;259.4;.
"0237 Eidsvoll (-2019)";299.1;306.8;307.0;312.5;316.9;.
"0238 Nannestad (-2019)";344.4;345.4;357.0;362.0;359.8;.
"0239 Hurdal (-2019)";294.0;302.0;330.0;310.0;311.0;.
"0301 Oslo";424.8;435.2;440.7;445.9;449.7;454.2
"3401 Kongsvinger";.;.;.;.;.;249.7
"3403 Hamar";.;.;.;.;.;265.2
"3405 Lillehammer";.;.;.;.;.;289.0
"3407 Gjøvik";.;.;.;.;.;223.5
"3411 Ringsaker";.;.;.;.;.;193.5
"3412 Løten";.;.;.;.;.;159.0
"3413 Stange";.;.;.;.;.;166.5
"3414 Nord-Odal";.;.;.;.;.;162.0
"3415 Sør-Odal";.;.;.;.;.;793.0
"3416 Eidskog";.;.;.;.;.;165.7
"3417 Grue";.;.;.;.;.;372.0
"3418 Åsnes";.;.;.;.;.;163.0
"3419 Våler (Hedmark)";.;.;.;.;.;157.5
"3420 Elverum";.;.;.;.;.;268.6
"3421 Trysil";.;.;.;.;.;153.0
"3422 Åmot";.;.;.;.;.;138.3
"3423 Stor-Elvdal";.;.;.;.;.;66.0
"3424 Rendalen";.;.;.;.;.;80.5
"3425 Engerdal";.;.;.;.;.;136.0
"3426 Tolga";.;.;.;.;.;99.5
"3427 Tynset";.;.;.;.;.;138.6
"3428 Alvdal";.;.;.;.;.;160.5
"3429 Folldal";.;.;.;.;.;157.0
"3430 Os";.;.;.;.;.;82.0
"3431 Dovre";.;.;.;.;.;74.0
"3432 Lesja";.;.;.;.;.;117.0
"3433 Skjåk";.;.;.;.;.;203.0
"3434 Lom";.;.;.;.;.;107.0
"3435 Vågå";.;.;.;.;.;134.7
"3436 Nord-Fron";.;.;.;.;.;120.0
"3437 Sel";.;.;.;.;.;190.0
"3438 Sør-Fron";.;.;.;.;.;121.0
"3439 Ringebu";.;.;.;.;.;133.3
"3440 Øyer";.;.;.;.;.;178.3
"3441 Gausdal";.;.;.;.;.;160.8
"3442 Østre Toten";.;.;.;.;.;168.4
"3443 Vestre Toten";.;.;.;.;.;238.7
"3446 Gran";.;.;.;.;.;157.1
"3447 Søndre Land";.;.;.;.;.;168.3
"3448 Nordre Land";.;.;.;.;.;232.3
"3449 Sør-Aurdal";.;.;.;.;.;75.0
"3450 Etnedal";.;.;.;.;.;146.0
"3451 Nord-Aurdal";.;.;.;.;.;311.5
"3452 Vestre Slidre";.;.;.;.;.;238.0
"3453 Øystre Slidre";.;.;.;.;.;113.7
"3454 Vang";.;.;.;.;.;184.0
"0402 Kongsvinger (-2019)";237.5;234.6;228.1;257.3;249.9;.
"0403 Hamar (-2019)";264.5;265.7;264.8;266.8;266.3;.
"0412 Ringsaker (-2019)";190.9;189.0;198.2;200.3;198.8;.
"0415 Løten (-2019)";160.6;156.2;156.6;158.4;162.8;.
"0417 Stange (-2019)";170.4;169.5;170.8;161.9;164.2;.
"0418 Nord-Odal (-2019)";187.3;186.7;179.3;176.0;169.0;.
"0419 Sør-Odal (-2019)";138.0;132.3;130.0;133.5;800.0;.
"0420 Eidskog (-2019)";196.3;183.3;180.7;173.7;168.3;.
"0423 Grue (-2019)";469.0;452.0;431.0;405.0;381.0;.
"0425 Åsnes (-2019)";184.3;177.3;173.8;170.3;165.5;.
"0426 Våler (Hedmark) (-2019)";115.3;114.7;114.3;173.5;165.0;.
"0427 Elverum (-2019)";243.3;223.6;223.3;274.2;244.3;.
"0428 Trysil (-2019)";151.5;150.8;153.3;160.8;154.5;.
"0429 Åmot (-2019)";130.5;130.0;124.8;147.3;142.3;.
"0430 Stor-Elvdal (-2019)";72.3;74.0;70.7;69.7;68.3;.
"0432 Rendalen (-2019)";94.5;96.5;98.5;90.5;84.5;.
"0434 Engerdal (-2019)";84.5;164.0;163.0;154.0;144.0;.
"0436 Tolga (-2019)";95.5;98.5;96.0;98.5;100.0;.
"0437 Tynset (-2019)";144.6;146.2;144.4;145.8;139.6;.
"0438 Alvdal (-2019)";106.7;103.3;102.3;106.0;157.0;.
"0439 Folldal (-2019)";182.0;174.0;164.0;168.0;163.0;.
"0441 Os (Hedmark) (-2019)";103.0;103.5;98.0;90.0;86.0;.
"0501 Lillehammer (-2019)";243.9;267.0;262.4;287.8;318.2;.
"0502 Gjøvik (-2019)";222.0;223.4;220.5;217.1;211.7;.
"0511 Dovre (-2019)";95.7;91.0;83.7;84.7;77.7;.
"0512 Lesja (-2019)";128.5;134.5;129.0;126.0;118.0;.
"0513 Skjåk (-2019)";84.7;82.7;77.0;215.0;202.0;.
"0514 Lom (-2019)";129.0;128.5;125.5;122.0;114.0;.
"0515 Vågå (-2019)";137.3;139.7;140.7;142.7;139.3;.
"0516 Nord-Fron (-2019)";126.8;124.4;123.0;121.8;122.0;.
"0517 Sel (-2019)";165.5;165.5;158.0;153.3;197.0;.
"0519 Sør-Fron (-2019)";120.7;121.7;124.0;120.0;120.0;.
"0520 Ringebu (-2019)";142.0;145.3;141.0;138.3;133.7;.
"0521 Øyer (-2019)";180.7;178.3;181.7;175.7;175.7;.
"0522 Gausdal (-2019)";139.4;170.8;169.5;165.3;159.3;.
"0528 Østre Toten (-2019)";173.4;173.0;168.7;171.7;173.4;.
"0529 Vestre Toten (-2019)";189.1;182.9;205.4;206.7;237.8;.
"0532 Jevnaker (-2019)";255.3;264.0;265.3;260.7;253.3;.
"0533 Lunner (-2019)";285.5;294.3;280.8;278.0;279.5;.
"0534 Gran (-2019)";136.2;162.7;162.9;159.9;157.4;.
"0536 Søndre Land (-2019)";157.3;150.5;136.8;178.3;175.7;.
"0538 Nordre Land (-2019)";235.3;235.7;238.0;236.3;228.3;.
"0540 Sør-Aurdal (-2019)";88.3;81.5;85.0;82.8;81.5;.
"0541 Etnedal (-2019)";164.0;167.0;156.0;155.0;150.0;.
"0542 Nord-Aurdal (-2019)";330.5;319.0;304.0;315.5;313.0;.
"0543 Vestre Slidre (-2019)";126.0;261.0;256.0;253.0;243.0;.
"0544 Øystre Slidre (-2019)";117.3;117.0;123.3;115.7;115.7;.
"0545 Vang (-2019)";164.0;187.0;191.0;194.0;198.0;.
"0602 Drammen (-2019)";393.7;394.4;396.7;373.4;372.9;.
"0604 Kongsberg (-2019)";240.7;245.1;248.3;249.2;248.8;.
"0605 Ringerike (-2019)";226.7;229.9;237.2;233.3;248.8;.
"0612 Hole (-2019)";195.8;200.8;204.5;215.8;218.3;.
"0615 Flå (-2019)";105.0;119.0;125.0;118.0;109.0;.
"0616 Nes (Buskerud) (-2019)";164.5;162.0;180.5;170.5;165.0;.
"0617 Gol (-2019)";264.0;543.0;521.0;512.0;504.0;.
"0618 Hemsedal (-2019)";95.0;103.3;106.7;101.7;104.7;.
"0619 Ål (-2019)";127.4;127.6;118.0;116.2;111.6;.
"0620 Hol (-2019)";156.7;162.0;158.3;149.7;137.3;.
"0621 Sigdal (-2019)";107.3;104.8;106.0;102.8;100.0;.
"0622 Krødsherad (-2019)";110.0;124.0;126.5;129.5;127.0;.
"0623 Modum (-2019)";217.6;193.3;195.6;197.9;226.4;.
"0624 Øvre Eiker (-2019)";277.8;280.6;282.1;286.1;288.3;.
"0625 Nedre Eiker (-2019)";309.1;309.3;319.6;324.3;323.5;.
"0626 Lier (-2019)";279.9;280.3;284.0;287.4;287.3;.
"0627 Røyken (-2019)";263.4;263.1;263.5;269.0;272.6;.
"0628 Hurum (-2019)";210.6;215.4;215.6;211.2;205.2;.
"0631 Flesberg (-2019)";166.5;163.5;153.0;156.0;311.0;.
"0632 Rollag (-2019)";137.0;128.0;119.0;117.0;116.0;.
"0633 Nore og Uvdal (-2019)";140.0;140.0;129.0;121.5;126.0;.
"3801 Horten";.;.;.;.;.;277.8
"3802 Holmestrand";.;.;.;.;.;284.1
"3803 Tønsberg";.;.;.;.;.;322.3
"3804 Sandefjord";.;.;.;.;.;262.4
"3805 Larvik";.;.;.;.;.;261.9
"3806 Porsgrunn";.;.;.;.;.;258.1
"3807 Skien";.;.;.;.;.;283.7
"3808 Notodden";.;.;.;.;.;169.6
"3811 Færder";.;.;.;.;.;276.0
"3812 Siljan";.;.;.;.;.;140.0
"3813 Bamble";.;.;.;.;.;228.6
"3814 Kragerø";.;.;.;.;.;208.4
"3815 Drangedal";.;.;.;.;.;159.7
"3816 Nome";.;.;.;.;.;337.5
"3817 Midt-Telemark";.;.;.;.;.;287.5
"3818 Tinn";.;.;.;.;.;105.8
"3819 Hjartdal";.;.;.;.;.;111.0
"3820 Seljord";.;.;.;.;.;175.0
"3821 Kviteseid";.;.;.;.;.;109.0
"3822 Nissedal";.;.;.;.;.;94.0
"3823 Fyresdal";.;.;.;.;.;157.0
"3824 Tokke";.;.;.;.;.;124.5
"3825 Vinje";.;.;.;.;.;102.0
"0701 Horten (-2019)";277.8;282.2;280.8;281.5;281.7;.
"0702 Holmestrand (-2017)";273.8;284.0;290.8;.;.;.
"0704 Tønsberg (-2019)";312.1;310.1;313.7;321.1;326.9;.
"0706 Sandefjord (-2016)";289.2;289.2;.;.;.;.
"0709 Larvik (-2017)";250.9;252.1;267.1;.;.;.
"0710 Sandefjord (2017-2019)";.;.;261.8;262.9;263.3;.
"0711 Svelvik (-2019)";259.0;252.3;252.0;247.3;249.3;.
"0712 Larvik (2018-2019)";.;.;.;266.3;264.9;.
"0713 Sande (Vestfold) (-2019)";247.8;247.4;249.0;247.6;249.4;.
"0714 Hof (-2017)";401.0;402.0;388.0;.;.;.
"0715 Holmestrand (2018-2019)";.;.;.;313.4;314.6;.
"0716 Re (-2019)";228.8;229.6;234.4;236.4;238.4;.
"0719 Andebu (-2016)";182.8;188.0;.;.;.;.
"0720 Stokke (-2016)";231.0;239.5;.;.;.;.
"0722 Nøtterøy (-2017)";292.3;292.2;294.9;.;.;.
"0723 Tjøme (-2017)";235.0;220.0;217.5;.;.;.
"0728 Lardal (-2017)";148.0;277.0;284.0;.;.;.
"0729 Færder (2018-2019)";.;.;.;284.6;279.8;.
"0805 Porsgrunn (-2019)";266.6;265.9;262.9;263.3;261.3;.
"0806 Skien (-2019)";286.0;283.6;286.9;287.7;284.8;.
"0807 Notodden (-2019)";173.6;177.1;168.9;164.1;166.0;.
"0811 Siljan (-2019)";144.5;152.0;147.5;150.0;145.5;.
"0814 Bamble (-2019)";236.3;233.4;234.7;231.6;229.4;.
"0815 Kragerø (-2019)";223.2;218.6;217.8;212.6;209.2;.
"0817 Drangedal (-2019)";161.3;163.3;169.3;160.3;160.3;.
"0819 Nome (-2019)";231.3;348.0;348.5;347.0;346.0;.
"0821 Bø (Telemark) (-2019)";241.0;248.0;250.7;252.7;253.3;.
"0822 Sauherad (-2019)";414.0;406.0;400.0;402.0;378.0;.
"0826 Tinn (-2019)";131.4;126.0;123.6;117.8;110.6;.
"0827 Hjartdal (-2019)";63.3;64.3;66.3;62.3;130.0;.
"0828 Seljord (-2019)";111.3;115.7;120.7;125.3;179.5;.
"0829 Kviteseid (-2019)";81.0;78.3;76.7;72.7;76.0;.
"0830 Nissedal (-2019)";51.7;55.0;57.7;89.5;97.0;.
"0831 Fyresdal (-2019)";171.0;169.0;173.0;173.0;164.0;.
"0833 Tokke (-2019)";127.5;127.0;125.5;128.5;129.0;.
"0834 Vinje (-2019)";107.3;105.0;103.0;104.5;101.8;.
"4201 Risør";.;.;.;.;.;178.5
"4202 Grimstad";.;.;.;.;.;284.2
"4203 Arendal";.;.;.;.;.;313.1
"4204 Kristiansand";.;.;.;.;.;275.7
"4205 Lindesnes";.;.;.;.;.;222.2
"4206 Farsund";.;.;.;.;.;243.6
"4207 Flekkefjord";.;.;.;.;.;196.3
"4211 Gjerstad";.;.;.;.;.;271.0
"4212 Vegårshei";.;.;.;.;.;287.0
"4213 Tvedestrand";.;.;.;.;.;115.7
"4214 Froland";.;.;.;.;.;195.5
"4215 Lillesand";.;.;.;.;.;294.0
"4216 Birkenes";.;.;.;.;.;194.0
"4217 Åmli";.;.;.;.;.;101.5
"4218 Iveland";.;.;.;.;.;95.0
"4219 Evje og Hornnes";.;.;.;.;.;162.0
"4220 Bygland";.;.;.;.;.;60.5
"4221 Valle";.;.;.;.;.;118.0
"4222 Bykle";.;.;.;.;.;50.5
"4223 Vennesla";.;.;.;.;.;245.5
"4224 Åseral";.;.;.;.;.;117.0
"4225 Lyngdal";.;.;.;.;.;175.0
"4226 Hægebostad";.;.;.;.;.;75.0
"4227 Kvinesdal";.;.;.;.;.;122.8
"4228 Sirdal";.;.;.;.;.;120.0
"0901 Risør (-2019)";190.3;183.5;184.8;184.3;180.8;.
"0904 Grimstad (-2019)";291.3;259.3;259.4;262.8;260.9;.
"0906 Arendal (-2019)";305.0;311.0;307.1;313.6;313.8;.
"0911 Gjerstad (-2019)";89.7;89.7;89.0;91.7;279.0;.
"0912 Vegårshei (-2019)";272.0;292.0;300.0;311.0;295.0;.
"0914 Tvedestrand (-2019)";117.5;119.8;119.7;120.7;119.8;.
"0919 Froland (-2019)";373.5;382.5;396.0;200.8;200.3;.
"0926 Lillesand (-2019)";268.6;269.8;288.0;293.4;296.0;.
"0928 Birkenes (-2019)";182.5;189.3;186.0;188.0;190.3;.
"0929 Åmli (-2019)";105.0;101.0;100.0;99.0;101.0;.
"0935 Iveland (-2019)";78.5;81.5;83.5;87.5;91.5;.
"0937 Evje og Hornnes (-2019)";149.7;173.0;162.0;165.7;162.7;.
"0938 Bygland (-2019)";76.0;79.0;67.0;67.5;67.5;.
"0940 Valle (-2019)";76.0;75.5;71.5;66.5;129.0;.
"0941 Bykle (-2019)";51.5;49.5;53.0;55.0;55.5;.
"1001 Kristiansand (-2019)";284.4;288.8;290.3;291.2;297.0;.
"1002 Mandal (-2019)";290.4;292.3;298.0;285.6;283.4;.
"1003 Farsund (-2019)";308.5;303.0;245.8;239.0;239.2;.
"1004 Flekkefjord (-2019)";188.5;199.0;195.5;198.2;197.0;.
"1014 Vennesla (-2019)";225.6;232.9;237.5;242.3;246.3;.
"1017 Songdalen (-2019)";198.0;205.0;204.3;208.8;205.3;.
"1018 Søgne (-2019)";274.8;266.8;267.4;271.0;272.4;.
"1021 Marnardal (-2019)";102.0;103.0;103.0;103.0;100.0;.
"1026 Åseral (-2019)";131.0;133.0;125.0;126.0;115.0;.
"1027 Audnedal (-2019)";108.7;107.7;105.3;107.3;102.7;.
"1029 Lindesnes (-2019)";204.3;197.0;202.7;202.0;198.7;.
"1032 Lyngdal (-2019)";223.0;224.6;224.2;224.0;216.4;.
"1034 Hægebostad (-2019)";74.0;68.5;74.5;78.0;78.5;.
"1037 Kvinesdal (-2019)";127.5;127.5;125.8;127.5;128.7;.
"1046 Sirdal (-2019)";114.0;121.5;115.5;121.5;121.5;.
"1101 Eigersund";230.0;229.5;225.1;225.8;222.4;221.0
"1102 Sandnes (-2019)";316.7;326.3;344.2;350.2;350.6;.
"1103 Stavanger";352.1;360.1;363.0;364.5;366.1;338.0
"1106 Haugesund";329.0;327.6;328.2;327.6;325.2;317.5
"1108 Sandnes";.;.;.;.;.;337.7
"1111 Sokndal";435.0;448.0;447.0;455.0;454.0;451.0
"1112 Lund";111.8;105.5;113.3;111.3;113.8;108.8
"1114 Bjerkreim";211.0;217.0;219.5;220.0;210.5;210.0
"1119 Hå";227.9;281.0;284.3;291.6;293.2;296.1
"1120 Klepp";272.3;272.4;270.6;275.2;304.0;307.0
"1121 Time";249.5;253.7;255.2;256.9;289.3;292.7
"1122 Gjesdal";274.5;285.7;284.5;288.0;296.5;300.5
"1124 Sola";307.5;315.5;323.9;322.1;326.4;330.5
"1127 Randaberg";494.3;495.0;499.3;501.3;510.3;513.3
"1129 Forsand (-2019)";195.0;198.0;192.0;180.0;162.0;.
"1130 Strand";291.3;285.2;280.3;280.5;278.5;276.0
"1133 Hjelmeland";131.0;125.7;119.7;120.0;111.0;109.7
"1134 Suldal";75.3;72.4;73.6;72.7;73.0;74.3
"1135 Sauda";135.5;150.0;144.5;147.0;148.0;143.5
"1141 Finnøy (-2019)";104.8;107.0;105.0;102.3;103.8;.
"1142 Rennesøy (-2019)";256.0;262.7;259.0;265.3;267.3;.
"1144 Kvitsøy";84.0;74.0;72.0;64.0;61.0;55.0
"1145 Bokn";121.0;117.0;112.0;107.0;95.0;90.0
"1146 Tysvær";205.1;210.5;207.0;208.9;202.1;205.9
"1149 Karmøy";239.6;242.4;244.7;243.0;241.2;244.0
"1151 Utsira";24.0;25.0;25.0;21.0;21.0;20.0
"1160 Vindafjord";124.3;124.0;122.4;123.6;123.4;124.2
"4601 Bergen";.;.;.;.;.;348.9
"4602 Kinn";.;.;.;.;.;171.7
"4611 Etne";.;.;.;.;.;247.5
"4612 Sveio";.;.;.;.;.;166.0
"4613 Bømlo";.;.;.;.;.;190.8
"4614 Stord";.;.;.;.;.;248.3
"4615 Fitjar";.;.;.;.;.;142.3
"4616 Tysnes";.;.;.;.;.;107.0
"4617 Kvinnherad";.;.;.;.;.;105.9
"4618 Ullensvang";.;.;.;.;.;124.1
"4619 Eidfjord";.;.;.;.;.;93.0
"4620 Ulvik";.;.;.;.;.;115.0
"4621 Voss";.;.;.;.;.;168.5
"4622 Kvam";.;.;.;.;.;168.5
"4623 Samnanger";.;.;.;.;.;151.0
"4624 Bjørnafjorden";.;.;.;.;.;200.0
"4625 Austevoll";.;.;.;.;.;228.0
"4626 Øygarden";.;.;.;.;.;237.8
"4627 Askøy";.;.;.;.;.;258.6
"4628 Vaksdal";.;.;.;.;.;117.0
"4629 Modalen";.;.;.;.;.;58.0
"4630 Osterøy";.;.;.;.;.;165.4
"4631 Alver";.;.;.;.;.;171.2
"4632 Austrheim";.;.;.;.;.;178.0
"4633 Fedje";.;.;.;.;.;60.0
"4634 Masfjorden";.;.;.;.;.;70.0
"4635 Gulen";.;.;.;.;.;61.5
"4636 Solund";.;.;.;.;.;77.0
"4637 Hyllestad";.;.;.;.;.;115.0
"4638 Høyanger";.;.;.;.;.;86.6
"4639 Vik";.;.;.;.;.;145.5
"4640 Sogndal";.;.;.;.;.;154.7
"4641 Aurland";.;.;.;.;.;79.5
"4642 Lærdal";.;.;.;.;.;115.0
"4643 Årdal";.;.;.;.;.;270.0
"4644 Luster";.;.;.;.;.;70.7
"4645 Askvoll";.;.;.;.;.;78.3
"4646 Fjaler";.;.;.;.;.;88.5
"4647 Sunnfjord";.;.;.;.;.;189.2
"4648 Bremanger";.;.;.;.;.;76.2
"4649 Stad";.;.;.;.;.;137.1
"4650 Gloppen";.;.;.;.;.;142.4
"4651 Stryn";.;.;.;.;.;112.5
"1201 Bergen (-2019)";335.3;340.6;345.1;350.0;349.5;.
"1211 Etne (-2019)";256.5;252.0;261.5;258.5;253.0;.
"1216 Sveio (-2019)";161.0;167.0;166.0;165.0;167.2;.
"1219 Bømlo (-2019)";174.8;174.0;171.8;171.6;172.1;.
"1221 Stord (-2019)";252.0;248.5;252.1;249.1;246.7;.
"1222 Fitjar (-2019)";146.3;151.0;155.3;154.3;150.0;.
"1223 Tysnes (-2019)";95.3;97.0;100.0;101.3;101.7;.
"1224 Kvinnherad (-2019)";101.8;113.2;112.2;109.7;109.2;.
"1227 Jondal (-2019)";122.0;114.0;125.0;124.0;125.0;.
"1228 Odda (-2019)";145.8;155.0;147.4;145.4;142.8;.
"1231 Ullensvang (-2019)";98.0;101.0;102.5;103.5;101.3;.
"1232 Eidfjord (-2019)";90.0;97.0;99.0;98.0;90.0;.
"1233 Ulvik (-2019)";125.0;122.0;117.0;130.0;125.0;.
"1234 Granvin (-2019)";94.0;87.0;90.0;93.0;87.0;.
"1235 Voss (-2019)";159.9;179.0;179.1;178.0;175.7;.
"1238 Kvam (-2019)";171.8;176.5;173.5;169.7;170.7;.
"1241 Fusa (-2019)";76.1;84.8;83.4;76.0;73.8;.
"1242 Samnanger (-2019)";142.0;141.5;142.5;141.5;141.0;.
"1243 Os (Hordaland) (-2019)";228.7;232.8;241.5;247.8;251.5;.
"1244 Austevoll (-2019)";142.2;170.8;169.8;230.3;226.3;.
"1245 Sund (-2019)";193.6;198.8;199.4;216.8;222.6;.
"1246 Fjell (-2019)";216.4;216.7;217.6;246.8;266.1;.
"1247 Askøy (-2019)";245.6;248.4;250.8;255.0;258.5;.
"1251 Vaksdal (-2019)";96.8;94.4;95.4;92.4;93.8;.
"1252 Modalen (-2019)";86.0;79.0;70.0;72.0;66.0;.
"1253 Osterøy (-2019)";150.0;163.6;158.8;163.6;165.0;.
"1256 Meland (-2019)";214.2;216.2;225.0;234.8;238.4;.
"1259 Øygarden (-2019)";134.0;137.8;132.4;134.8;132.2;.
"1260 Radøy (-2019)";126.8;124.0;119.6;115.4;115.4;.
"1263 Lindås (-2019)";160.0;162.6;161.5;161.6;161.3;.
"1264 Austrheim (-2019)";194.0;196.0;193.0;193.0;186.5;.
"1265 Fedje (-2019)";73.0;80.0;78.0;76.0;67.0;.
"1266 Masfjorden (-2019)";67.0;66.7;72.0;73.7;73.0;.
"1401 Flora (-2019)";178.8;182.4;181.1;177.6;174.4;.
"1411 Gulen (-2019)";71.8;68.8;70.3;66.5;63.5;.
"1412 Solund (-2019)";84.0;90.0;88.0;90.0;86.0;.
"1413 Hyllestad (-2019)";162.0;147.0;136.0;127.0;114.0;.
"1416 Høyanger (-2019)";106.2;100.8;99.8;93.8;87.4;.
"1417 Vik (-2019)";62.6;63.6;62.4;64.2;63.2;.
"1418 Balestrand (-2019)";127.0;66.0;61.5;66.5;66.5;.
"1419 Leikanger (-2019)";164.0;163.0;153.0;147.5;146.5;.
"1420 Sogndal (-2019)";193.6;191.0;189.8;189.4;193.6;.
"1421 Aurland (-2019)";92.0;88.0;87.0;86.0;85.0;.
"1422 Lærdal (-2019)";81.7;81.7;122.0;118.0;112.5;.
"1424 Årdal (-2019)";272.5;273.5;269.0;272.5;262.5;.
"1426 Luster (-2019)";73.1;73.4;74.3;71.8;70.3;.
"1428 Askvoll (-2019)";78.8;75.5;77.0;80.8;81.3;.
"1429 Fjaler (-2019)";65.4;73.2;71.6;75.2;73.0;.
"1430 Gaular (-2019)";131.3;132.0;140.3;146.0;147.0;.
"1431 Jølster (-2019)";216.5;216.0;216.5;216.5;212.0;.
"1432 Førde (-2019)";204.1;206.2;209.2;204.4;201.7;.
"1433 Naustdal (-2019)";178.5;185.0;187.5;188.5;185.5;.
"1438 Bremanger (-2019)";77.7;80.7;76.7;73.7;70.0;.
"1439 Vågsøy (-2019)";124.8;125.5;129.2;185.0;180.5;.
"1441 Selje (-2019)";105.3;99.0;103.0;98.0;93.7;.
"1443 Eid (-2019)";153.6;152.8;156.4;163.0;161.6;.
"1444 Hornindal (-2019)";158.0;158.0;147.0;149.0;139.0;.
"1445 Gloppen (-2019)";155.4;157.6;154.8;155.2;150.2;.
"1449 Stryn (-2019)";120.6;123.6;118.1;119.1;113.4;.
"1502 Molde (-2019)";235.8;236.8;237.5;243.5;245.2;.
"1504 Ålesund (-2019)";304.1;303.5;303.7;305.8;310.1;.
"1505 Kristiansund";219.6;221.3;238.0;236.5;231.8;227.0
"1506 Molde";.;.;.;.;.;200.9
"1507 Ålesund";.;.;.;.;.;242.7
"1511 Vanylven";112.3;106.0;104.3;102.0;96.0;91.0
"1514 Sande";54.6;53.2;51.8;50.2;47.2;75.7
"1515 Herøy (Møre og Romsdal)";152.0;150.3;151.6;148.1;143.9;138.7
"1516 Ulstein";240.4;227.2;231.6;225.8;224.2;215.0
"1517 Hareid";152.5;149.5;153.3;157.0;156.5;154.0
"1519 Volda (-2019)";141.0;143.1;142.3;138.9;157.6;.
"1520 Ørsta";189.0;192.0;191.3;189.4;188.7;189.7
"1523 Ørskog (-2019)";145.5;147.0;137.0;276.0;274.0;.
"1524 Norddal (-2019)";107.5;101.0;101.5;103.0;99.0;.
"1525 Stranda";105.8;103.6;98.8;96.2;116.5;110.5
"1526 Stordal (-2019)";161.0;145.0;134.0;131.0;115.0;.
"1528 Sykkylven";157.0;153.8;147.0;173.4;170.0;166.4
"1529 Skodje (-2019)";145.0;172.3;176.0;172.7;188.0;.
"1531 Sula";241.0;249.2;252.2;259.2;267.0;268.0
"1532 Giske";233.0;236.8;233.4;236.4;235.4;239.8
"1534 Haram (-2019)";113.1;114.9;113.1;114.6;112.3;.
"1535 Vestnes";180.8;177.3;172.3;174.0;172.5;172.8
"1539 Rauma";140.5;141.7;144.8;146.2;141.8;159.0
"1543 Nesset (-2019)";105.3;103.0;96.3;99.7;97.3;.
"1545 Midsund (-2019)";120.5;121.5;124.0;123.5;122.5;.
"1546 Sandøy (-2019)";159.0;159.0;165.0;164.0;155.0;.
"1547 Aukra";271.0;279.0;267.5;271.5;275.5;273.5
"1548 Fræna (-2019)";152.9;151.6;151.3;147.6;146.6;.
"1551 Eide (-2019)";121.8;123.5;122.0;162.7;158.3;.
"1554 Averøy";141.6;141.6;179.0;175.8;224.3;221.7
"1557 Gjemnes";151.5;152.0;148.5;148.5;143.0;137.5
"1560 Tingvoll";118.0;117.3;121.3;120.3;116.3;112.0
"1563 Sunndal";136.2;137.0;128.8;125.7;119.2;121.0
"1566 Surnadal";113.8;110.2;107.2;106.8;103.8;103.0
"1567 Rindal";120.5;237.0;223.0;233.0;.;.
"1571 Halsa (-2019)";184.0;184.0;175.0;169.0;171.0;.
"1573 Smøla";56.0;77.7;115.0;119.5;111.0;107.0
"1576 Aure";80.0;80.0;78.2;79.4;96.8;121.7
"1577 Volda";.;.;.;.;.;150.3
"1578 Fjord";.;.;.;.;.;102.7
"1579 Hustadvika";.;.;.;.;.;161.5
"5001 Trondheim";.;.;.;395.4;400.4;394.4
"5004 Steinkjer (2018-2019)";.;.;.;209.9;213.9;.
"5005 Namsos (2018-2019)";.;.;.;199.1;197.6;.
"5006 Steinkjer";.;.;.;.;.;198.3
"5007 Namsos";.;.;.;.;.;161.9
"5011 Hemne (2018-2019)";.;.;.;155.3;157.3;.
"5012 Snillfjord (2018-2019)";.;.;.;28.3;24.0;.
"5013 Hitra (2018-2019)";.;.;.;97.0;93.2;.
"5014 Frøya";.;.;.;86.5;76.9;78.1
"5015 Ørland (2018-2019)";.;.;.;195.3;196.0;.
"5016 Agdenes (2018-2019)";.;.;.;87.0;87.0;.
"5017 Bjugn (2018-2019)";.;.;.;284.0;278.0;.
"5018 Åfjord (2018-2019)";.;.;.;156.0;156.0;.
"5019 Roan (2018-2019)";.;.;.;44.5;45.5;.
"5020 Osen";.;.;.;51.0;48.5;90.0
"5021 Oppdal";.;.;.;157.4;193.8;196.3
"5022 Rennebu";.;.;.;250.0;239.0;215.0
"5023 Meldal (2018-2019)";.;.;.;299.0;309.0;.
"5024 Orkdal (2018-2019)";.;.;.;260.2;263.0;.
"5025 Røros";.;.;.;188.3;184.7;182.0
"5026 Holtålen";.;.;.;114.0;110.0;105.0
"5027 Midtre Gauldal";.;.;.;134.2;137.4;141.0
"5028 Melhus";.;.;.;194.6;193.3;195.6
"5029 Skaun";.;.;.;206.0;210.7;215.5
"5030 Klæbu (2018-2019)";.;.;.;317.7;307.3;.
"5031 Malvik";.;.;.;278.4;280.3;276.7
"5032 Selbu";.;.;.;114.8;116.8;110.3
"5033 Tydal";.;.;.;66.0;67.0;66.0
"5034 Meråker";.;.;.;262.0;266.0;255.0
"5035 Stjørdal";.;.;.;229.9;225.2;224.8
"5036 Frosta";.;.;.;301.0;301.0;292.0
"5037 Levanger";.;.;.;302.6;300.3;295.9
"5038 Verdal";.;.;.;204.4;225.6;218.5
"5039 Verran (2018-2019)";.;.;.;128.5;120.0;.
"5040 Namdalseid (2018-2019)";.;.;.;87.0;88.0;.
"5041 Snåase - Snåsa";.;.;.;99.5;95.0;92.5
"5042 Lierne";.;.;.;79.5;72.0;69.0
"5043 Raarvihke - Røyrvik";.;.;.;57.0;56.0;55.0
"5044 Namsskogan";.;.;.;50.0;44.0;44.5
"5045 Grong";.;.;.;128.0;131.0;132.5
"5046 Høylandet";.;.;.;182.0;177.0;174.0
"5047 Overhalla";.;.;.;232.5;240.0;241.5
"5048 Fosnes (2018-2019)";.;.;.;25.0;44.0;.
"5049 Flatanger";.;.;.;45.5;44.5;44.0
"5050 Vikna (2018-2019)";.;.;.;290.0;290.0;.
"5051 Nærøy (2018-2019)";.;.;.;94.2;109.0;.
"5052 Leka";.;.;.;56.0;54.0;62.0
"5053 Inderøy";.;.;.;119.1;119.9;119.7
"5054 Indre Fosen";.;.;.;204.2;202.8;197.7
"5055 Heim";.;.;.;.;.;133.2
"5056 Hitra";.;.;.;.;.;81.3
"5057 Ørland";.;.;.;.;.;192.7
"5058 Åfjord";.;.;.;.;.;98.8
"5059 Orkland";.;.;.;.;.;212.1
"5060 Nærøysund";.;.;.;.;.;190.7
"5061 Rindal";.;.;.;.;218.0;211.0
"1601 Trondheim (-2017)";379.9;379.0;382.5;.;.;.
"1612 Hemne (-2017)";172.3;167.3;172.7;.;.;.
"1613 Snillfjord (-2017)";33.7;31.3;30.3;.;.;.
"1617 Hitra (-2017)";98.4;101.2;95.4;.;.;.
"1620 Frøya (-2017)";85.0;84.2;85.2;.;.;.
"1621 Ørland (-2017)";194.0;189.3;196.0;.;.;.
"1622 Agdenes (-2017)";87.5;84.5;88.5;.;.;.
"1624 Rissa (-2017)";201.8;199.8;197.0;.;.;.
"1627 Bjugn (-2017)";180.3;286.5;290.5;.;.;.
"1630 Åfjord (-2017)";173.0;163.5;160.5;.;.;.
"1632 Roan (-2017)";30.3;47.0;44.0;.;.;.
"1633 Osen (-2017)";56.5;53.5;54.0;.;.;.
"1634 Oppdal (-2017)";196.0;156.8;160.2;.;.;.
"1635 Rennebu (-2017)";99.3;97.7;287.0;.;.;.
"1636 Meldal (-2017)";317.0;312.0;311.0;.;.;.
"1638 Orkdal (-2017)";255.3;254.7;260.7;.;.;.
"1640 Røros (-2017)";198.7;187.0;193.0;.;.;.
"1644 Holtålen (-2017)";109.5;106.5;112.0;.;.;.
"1648 Midtre Gauldal (-2017)";138.0;135.0;134.2;.;.;.
"1653 Melhus (-2017)";194.8;191.4;193.1;.;.;.
"1657 Skaun (-2017)";177.3;187.2;199.0;.;.;.
"1662 Klæbu (-2017)";317.7;312.7;314.0;.;.;.
"1663 Malvik (-2017)";269.0;275.4;279.3;.;.;.
"1664 Selbu (-2017)";127.8;124.5;118.0;.;.;.
"1665 Tydal (-2017)";76.0;81.0;74.0;.;.;.
"1702 Steinkjer (-2017)";208.3;212.2;208.3;.;.;.
"1703 Namsos (-2017)";202.3;199.4;200.4;.;.;.
"1711 Meråker (-2017)";259.0;281.0;261.0;.;.;.
"1714 Stjørdal (-2017)";211.6;216.9;215.8;.;.;.
"1717 Frosta (-2017)";326.0;311.0;306.0;.;.;.
"1718 Leksvik (-2017)";233.5;232.5;231.5;.;.;.
"1719 Levanger (-2017)";294.0;296.5;300.3;.;.;.
"1721 Verdal (-2017)";185.6;184.0;184.5;.;.;.
"1724 Verran (-2017)";132.0;131.5;132.0;.;.;.
"1725 Namdalseid (-2017)";95.0;91.5;91.0;.;.;.
"1736 Snåase - Snåsa (-2017)";106.0;105.5;104.5;.;.;.
"1738 Lierne (-2017)";82.0;80.0;75.0;.;.;.
"1739 Raarvihke - Røyrvik (-2017)";58.0;54.0;56.0;.;.;.
"1740 Namsskogan (-2017)";46.0;50.5;53.5;.;.;.
"1742 Grong (-2017)";129.0;128.0;124.0;.;.;.
"1743 Høylandet (-2017)";191.0;194.0;188.0;.;.;.
"1744 Overhalla (-2017)";255.0;260.0;242.0;.;.;.
"1748 Fosnes (-2017)";30.5;28.0;26.5;.;.;.
"1749 Flatanger (-2017)";37.5;36.0;35.5;.;.;.
"1750 Vikna (-2017)";298.5;291.5;298.0;.;.;.
"1751 Nærøy (-2017)";81.3;79.6;95.7;.;.;.
"1755 Leka (-2017)";56.0;57.0;55.0;.;.;.
"1756 Inderøy (-2017)";126.9;126.0;121.9;.;.;.
"1804 Bodø";262.8;262.4;263.9;277.0;275.6;275.3
"1805 Narvik (-2019)";211.2;211.7;244.4;244.4;243.6;.
"1806 Narvik";.;.;.;.;.;224.2
"1811 Bindal";95.0;96.0;95.0;101.0;96.0;98.0
"1812 Sømna";144.0;139.0;137.5;142.0;134.5;131.0
"1813 Brønnøy";249.5;253.5;247.3;245.3;242.5;241.5
"1815 Vega";134.0;141.0;140.0;143.0;122.0;127.0
"1816 Vevelstad";24.5;30.0;26.0;25.5;22.5;38.0
"1818 Herøy (Nordland)";180.0;188.0;199.0;204.0;201.0;204.0
"1820 Alstahaug";125.1;142.5;144.8;138.0;137.2;135.8
"1822 Leirfjord";79.7;78.0;82.7;92.0;91.7;93.0
"1824 Vefsn";188.6;211.3;211.0;209.3;204.6;237.0
"1825 Grane";176.0;172.0;164.0;174.0;167.0;169.0
"1826 Hattfjelldal";56.0;58.3;56.7;55.7;49.3;45.3
"1827 Dønna";73.0;80.5;75.5;69.5;69.5;68.0
"1828 Nesna";104.0;107.5;109.5;109.5;209.0;191.0
"1832 Hemnes";105.0;104.2;102.6;97.6;98.4;94.6
"1833 Rana";202.4;214.7;215.6;251.2;295.5;289.5
"1834 Lurøy";34.8;31.7;32.3;33.2;34.3;34.3
"1835 Træna";68.0;64.0;55.0;53.0;48.0;38.0
"1836 Rødøy";30.3;27.5;25.8;26.5;25.5;24.8
"1837 Meløy";83.4;94.4;94.5;88.0;84.6;85.8
"1838 Gildeskål";46.0;43.8;43.0;52.5;50.3;51.5
"1839 Beiarn";45.5;43.0;44.5;42.0;43.5;80.0
"1840 Saltdal";170.0;176.0;175.3;176.0;175.0;171.0
"1841 Fauske - Fuossko";180.0;179.3;173.5;173.7;253.5;244.8
"1845 Sørfold";80.7;79.7;79.0;74.0;69.7;70.3
"1848 Steigen";85.0;66.5;63.8;65.8;67.8;67.8
"1849 Hamarøy - Hábmer (-2019)";58.0;85.5;79.5;79.5;78.5;.
"1850 Divtasvuodna - Tysfjord (-2019)";72.3;67.0;71.0;101.5;97.5;.
"1851 Lødingen";73.3;76.0;72.0;73.3;68.3;98.5
"1852 Tjeldsund (-2019)";41.3;41.7;40.7;61.5;62.5;.
"1853 Evenes";147.0;139.0;142.0;146.0;143.0;124.0
"1854 Ballangen (-2019)";148.0;143.5;142.5;267.0;255.0;.
"1856 Røst";58.0;53.0;51.0;52.0;46.0;47.0
"1857 Værøy";93.0;81.0;86.0;72.0;76.0;78.0
"1859 Flakstad";59.0;59.0;94.0;92.0;85.0;75.0
"1860 Vestvågøy";210.7;212.2;217.7;207.8;207.0;205.8
"1865 Vågan";108.4;116.3;120.6;117.8;105.5;100.2
"1866 Hadsel";180.0;176.0;177.4;179.2;182.2;182.4
"1867 Bø";62.0;61.0;59.0;61.3;57.5;53.0
"1868 Øksnes";120.5;121.0;117.0;148.0;224.0;228.5
"1870 Sortland";160.6;156.0;153.8;154.1;155.6;177.0
"1871 Andøy";215.5;209.5;193.5;183.5;181.0;172.0
"1874 Moskenes";91.0;89.0;99.0;88.0;81.0;74.0
"1875 Hamarøy";.;.;.;.;.;83.7
"5401 Tromsø";.;.;.;.;.;217.2
"5402 Harstad";.;.;.;.;.;253.8
"5403 Alta";.;.;.;.;.;157.8
"5404 Vardø";.;.;.;.;.;158.0
"5405 Vadsø";.;.;.;.;.;193.0
"5406 Hammerfest";.;.;.;.;.;142.3
"5411 Kvæfjord";.;.;.;.;.;95.3
"5412 Tjeldsund";.;.;.;.;.;94.0
"5413 Ibestad";.;.;.;.;.;82.0
"5414 Gratangen";.;.;.;.;.;43.0
"5415 Loabák - Lavangen";.;.;.;.;.;134.0
"5416 Bardu";.;.;.;.;.;116.3
"5417 Salangen";.;.;.;.;.;208.0
"5418 Målselv";.;.;.;.;.;98.9
"5419 Sørreisa";.;.;.;.;.;124.0
"5420 Dyrøy";.;.;.;.;.;106.0
"5421 Senja";.;.;.;.;.;121.3
"5422 Balsfjord";.;.;.;.;.;142.5
"5423 Karlsøy";.;.;.;.;.;76.5
"5424 Lyngen";.;.;.;.;.;88.7
"5425 Storfjord - Omasvuotna - Omasvuono";.;.;.;.;.;89.0
"5426 Gáivuotna - Kåfjord - Kaivuono";.;.;.;.;.;74.0
"5427 Skjervøy";.;.;.;.;.;146.0
"5428 Nordreisa";.;.;.;.;.;110.8
"5429 Kvænangen";.;.;.;.;.;116.0
"5430 Guovdageaidnu-Kautokeino";.;.;.;.;.;120.0
"5432 Loppa";.;.;.;.;.;16.0
"5433 Hasvik";.;.;.;.;.;32.0
"5434 Måsøy";.;.;.;.;.;50.5
"5435 Nordkapp";.;.;.;.;.;273.0
"5436 Porsanger - Porsá?gu - Porsanki ";.;.;.;.;.;94.0
"5437 Kárásjohka-Karasjok";.;.;.;.;.;263.0
"5438 Lebesby";.;.;.;.;.;59.5
"5439 Gamvik";.;.;.;.;.;23.0
"5440 Berlevåg";.;.;.;.;.;63.0
"5441 Deatnu-Tana";.;.;.;.;.;45.8
"5442 Unjárga-Nesseby";.;.;.;.;.;91.0
"5443 Båtsfjord";.;.;.;.;.;102.5
"5444 Sør-Varanger";.;.;.;.;.;130.9
"1902 Tromsø (-2019)";220.1;223.4;223.1;222.3;220.4;.
"1903 Harstad - Hárstták (2013-2019)";235.1;238.0;237.2;238.1;255.7;.
"1911 Kvæfjord (-2019)";111.0;113.3;111.0;105.7;101.7;.
"1913 Skånland (-2019)";104.0;105.7;106.7;109.3;109.3;.
"1917 Ibestad (-2019)";99.0;134.0;98.0;91.0;82.0;.
"1919 Gratangen (-2019)";79.0;76.0;73.0;59.0;55.0;.
"1920 Loabák - Lavangen (-2019)";148.0;153.0;145.0;141.0;138.0;.
"1922 Bardu (-2019)";118.3;116.8;119.3;119.8;119.8;.
"1923 Salangen (-2019)";257.0;271.0;240.0;237.0;221.0;.
"1924 Målselv (-2019)";104.6;109.6;103.1;100.6;100.1;.
"1925 Sørreisa (-2019)";141.3;140.3;135.3;130.7;130.3;.
"1926 Dyrøy (-2019)";132.0;121.0;123.0;116.0;109.0;.
"1927 Tranøy (-2019)";89.5;90.0;89.0;86.0;83.0;.
"1928 Torsken (-2019)";50.5;44.5;48.0;42.5;37.0;.
"1929 Berg (-2019)";57.0;60.0;57.0;59.0;58.0;.
"1931 Lenvik (-2019)";161.8;160.8;158.8;160.2;160.3;.
"1933 Balsfjord (-2019)";122.4;115.6;115.2;113.4;111.4;.
"1936 Karlsøy (-2019)";61.3;77.0;73.0;68.5;74.5;.
"1938 Lyngen (-2019)";98.3;100.7;94.0;96.3;90.0;.
"1939 Storfjord - Omasvuotna - Omasvuono (-2019)";110.0;102.0;107.5;100.0;95.0;.
"1940 Gáivuotna - Kåfjord - Kaivuono (-2019)";69.3;54.3;74.0;76.0;76.0;.
"1941 Skjervøy (-2019)";99.7;97.3;97.0;97.3;148.5;.
"1942 Nordreisa - Ráisa - Raisi (-2019)";120.8;115.8;119.8;118.5;118.5;.
"1943 Kvænangen (-2019)";65.5;63.0;119.0;111.0;113.0;.
"2002 Vardø (-2019)";186.0;168.0;172.0;164.0;160.0;.
"2003 Vadsø (-2019)";258.0;253.0;236.0;228.3;210.7;.
"2004 Hammerfest (-2019)";138.4;139.7;158.0;179.6;172.6;.
"2011 Guovdageaidnu - Kautokeino (-2019)";123.0;116.3;117.0;116.0;119.0;.
"2012 Alta (-2019)";163.9;165.6;175.9;168.9;168.7;.
"2014 Loppa (-2019)";22.0;21.3;22.0;21.0;17.7;.
"2015 Hasvik (-2019)";31.0;30.7;30.0;30.7;30.7;.
"2017 Kvalsund (-2019)";47.5;41.0;45.0;42.0;40.0;.
"2018 Måsøy (-2019)";35.0;53.5;55.0;54.0;54.5;.
"2019 Nordkapp (-2019)";183.5;171.5;161.5;161.5;148.0;.
"2020 Porsanger - Porsángu - Porsanki (-2019)";133.3;103.8;104.0;97.8;95.5;.
"2021 Kárásjohka - Karasjok (-2019)";314.0;298.0;309.0;288.0;279.0;.
"2022 Lebesby (-2019)";79.0;49.7;45.7;45.3;64.5;.
"2023 Gamvik (-2019)";29.3;25.7;26.3;25.3;23.0;.
"2024 Berlevåg (-2019)";87.0;86.0;87.0;78.0;72.0;.
"2025 Deatnu - Tana (-2019)";52.2;51.4;52.2;50.2;50.8;.
"2027 Unjárga - Nesseby (-2019)";99.0;98.0;101.0;90.0;95.0;.
"2028 Båtsfjord (-2019)";122.0;121.5;117.0;112.5;108.5;.
"2030 Sør-Varanger (-2019)";107.2;104.8;113.8;110.8;135.8;.
"2111 Longyearbyen";225.0;227.0;241.0;235.0;221.0;226.0
